film,societe
da9120a9-5384-4692-8032-b7297dcf0250,966ef8c6-55f1-49c9-bea9-fb73f1a480e4
695fb599-9b9f-481e-9f62-ce52dddf918c,966ef8c6-55f1-49c9-bea9-fb73f1a480e4
fb855bea-eec0-4204-be37-7986abaf6887,966ef8c6-55f1-49c9-bea9-fb73f1a480e4
bda4765b-36ed-4693-b2af-e3d2ecec462b,966ef8c6-55f1-49c9-bea9-fb73f1a480e4
9b4a8296-c6fe-40c6-b1c5-9807b2004976,966ef8c6-55f1-49c9-bea9-fb73f1a480e4
1a824fa6-2716-4362-b09a-308fac8ff3fa,966ef8c6-55f1-49c9-bea9-fb73f1a480e4
8a121e62-10bc-4dfd-a741-7dd440c467de,966ef8c6-55f1-49c9-bea9-fb73f1a480e4
4e7872c0-5351-471d-b26f-27a6f90fdfed,966ef8c6-55f1-49c9-bea9-fb73f1a480e4
0159b5a8-6005-48df-8193-4a33c3f3f07a,26aebfa2-588f-49fd-bc19-b16491666045
84ed3f64-88ea-4e96-a670-0f3095ececf2,10927eba-da18-436c-9b9b-383b53b5891a
