planning_id,calendrier_id,jour
1,1,2025-01-07
2,1,2025-01-14
3,1,2025-01-21
4,1,2025-01-28
5,1,2025-02-04
6,1,2025-02-11
7,1,2025-02-18
8,1,2025-02-25
9,1,2025-03-04
10,1,2025-03-11
11,1,2025-03-18
12,1,2025-03-25
13,1,2025-04-01
14,1,2025-04-08
15,1,2025-04-15
16,1,2025-04-22
17,1,2025-04-29
18,1,2025-05-06
19,1,2025-05-13
20,1,2025-05-20
21,1,2025-05-27
22,1,2025-06-03
23,1,2025-06-10
24,1,2025-06-17
25,1,2025-06-24
26,1,2025-07-01
27,1,2025-07-08
28,1,2025-07-15
29,1,2025-07-22
30,1,2025-07-29
31,1,2025-08-05
32,1,2025-08-12
33,1,2025-08-19
34,1,2025-08-26
35,1,2025-09-02
36,1,2025-09-09
37,1,2025-09-16
38,1,2025-09-23
39,1,2025-09-30
40,1,2025-10-07
41,1,2025-10-14
42,1,2025-10-21
43,1,2025-10-28
44,1,2025-11-04
45,1,2025-11-10
46,1,2025-11-18
47,1,2025-11-25
48,1,2025-12-02
49,1,2025-12-09
50,1,2025-12-16
51,2,2025-01-08
52,2,2025-01-15
53,2,2025-01-22
54,2,2025-01-29
55,2,2025-02-05
56,2,2025-02-12
57,2,2025-02-19
58,2,2025-02-26
59,2,2025-03-05
60,2,2025-03-12
61,2,2025-03-19
62,2,2025-03-26
63,2,2025-04-02
64,2,2025-04-09
65,2,2025-04-16
66,2,2025-04-23
67,2,2025-04-30
68,2,2025-05-07
69,2,2025-05-14
70,2,2025-05-21
71,2,2025-05-28
72,2,2025-06-04
73,2,2025-06-11
74,2,2025-06-18
75,2,2025-06-25
76,2,2025-07-02
77,2,2025-07-09
78,2,2025-07-16
79,2,2025-07-23
80,2,2025-07-30
81,2,2025-08-06
82,2,2025-08-13
83,2,2025-08-20
84,2,2025-08-27
85,2,2025-09-03
86,2,2025-09-10
87,2,2025-09-17
88,2,2025-09-24
89,2,2025-10-01
90,2,2025-10-08
91,2,2025-10-15
92,2,2025-10-22
93,2,2025-10-29
94,2,2025-11-05
95,2,2025-11-12
96,2,2025-11-19
97,2,2025-11-26
98,2,2025-12-03
99,2,2025-12-10
100,2,2025-12-17
101,3,2025-01-09
102,3,2025-01-16
103,3,2025-01-23
104,3,2025-01-30
105,3,2025-02-06
106,3,2025-02-13
107,3,2025-02-20
108,3,2025-02-27
109,3,2025-03-06
110,3,2025-03-13
111,3,2025-03-20
112,3,2025-03-27
113,3,2025-04-03
114,3,2025-04-10
115,3,2025-04-17
116,3,2025-04-24
117,3,2025-05-02
118,3,2025-05-09
119,3,2025-05-15
120,3,2025-05-22
121,3,2025-05-28
122,3,2025-06-05
123,3,2025-06-12
124,3,2025-06-19
125,3,2025-06-26
126,3,2025-07-03
127,3,2025-07-10
128,3,2025-07-17
129,3,2025-07-24
130,3,2025-07-31
131,3,2025-08-07
132,3,2025-08-14
133,3,2025-08-21
134,3,2025-08-28
135,3,2025-09-04
136,3,2025-09-11
137,3,2025-09-18
138,3,2025-09-25
139,3,2025-10-02
140,3,2025-10-09
141,3,2025-10-16
142,3,2025-10-23
143,3,2025-10-30
144,3,2025-11-06
145,3,2025-11-12
146,3,2025-11-20
147,3,2025-11-27
148,3,2025-12-04
149,3,2025-12-11
150,3,2025-12-18
151,4,2025-01-10
152,4,2025-01-17
153,4,2025-01-24
154,4,2025-01-31
155,4,2025-02-07
156,4,2025-02-14
157,4,2025-02-21
158,4,2025-02-28
159,4,2025-03-07
160,4,2025-03-14
161,4,2025-03-21
162,4,2025-03-28
163,4,2025-04-04
164,4,2025-04-11
165,4,2025-04-18
166,4,2025-04-25
167,4,2025-05-02
168,4,2025-05-09
169,4,2025-05-16
170,4,2025-05-23
171,4,2025-05-30
172,4,2025-06-06
173,4,2025-06-13
174,4,2025-06-20
175,4,2025-06-27
176,4,2025-07-04
177,4,2025-07-11
178,4,2025-07-18
179,4,2025-07-25
180,4,2025-08-01
181,4,2025-08-08
182,4,2025-08-14
183,4,2025-08-22
184,4,2025-08-29
185,4,2025-09-05
186,4,2025-09-12
187,4,2025-09-19
188,4,2025-09-26
189,4,2025-10-03
190,4,2025-10-10
191,4,2025-10-17
192,4,2025-10-24
193,4,2025-10-31
194,4,2025-11-07
195,4,2025-11-13
196,4,2025-11-21
197,4,2025-11-28
198,4,2025-12-05
199,4,2025-12-12
200,4,2025-12-19
